/*
Navicat Oracle Data Transfer
Oracle Client Version : 11.2.0.1.0

Source Server         : drug
Source Server Version : 110200
Source Host           : localhost:1521
Source Schema         : DRUG

Target Server Type    : ORACLE
Target Server Version : 110200
File Encoding         : 65001

Date: 2016-09-29 14:49:06
*/


-- ----------------------------
-- Table structure for DRUG_AREA
-- ----------------------------
DROP TABLE "DRUG"."DRUG_AREA";
CREATE TABLE "DRUG"."DRUG_AREA" (
"ID" VARCHAR2(32 BYTE) NOT NULL ,
"AREA_NAME" VARCHAR2(64 BYTE) NULL ,
"AREA_ENAME" VARCHAR2(64 BYTE) NULL ,
"AREA_CODE" VARCHAR2(64 BYTE) NULL ,
"CREATE_ID" VARCHAR2(32 BYTE) NULL ,
"CREATE_TIME" TIMESTAMP(6)  NULL ,
"UPDATE_ID" VARCHAR2(32 BYTE) NULL ,
"UPDATE_TIME" TIMESTAMP(6)  NULL ,
"DEL_FLAG" CHAR(1 BYTE) DEFAULT 0  NULL 
)
LOGGING
NOCOMPRESS
NOCACHE

;

-- ----------------------------
-- Records of DRUG_AREA
-- ----------------------------
INSERT INTO "DRUG"."DRUG_AREA" VALUES ('1', '华东', 'west', 'hd', '1', TO_TIMESTAMP(' 2016-09-28 14:18:05:005000', 'YYYY-MM-DD HH24:MI:SS:FF6'), '1', TO_TIMESTAMP(' 2016-09-28 14:18:10:967000', 'YYYY-MM-DD HH24:MI:SS:FF6'), '0');
INSERT INTO "DRUG"."DRUG_AREA" VALUES ('2', '江苏', 'jiangsu', 'JS', '1', TO_TIMESTAMP(' 2016-09-28 14:18:37:917000', 'YYYY-MM-DD HH24:MI:SS:FF6'), '1', TO_TIMESTAMP(' 2016-09-28 14:18:41:778000', 'YYYY-MM-DD HH24:MI:SS:FF6'), '0');
INSERT INTO "DRUG"."DRUG_AREA" VALUES ('4576c3c46ac7472ba27c73654d7b0588', '上海南', 'shanghai', 'SH', '1', TO_TIMESTAMP(' 2016-09-28 23:15:52:117000', 'YYYY-MM-DD HH24:MI:SS:FF6'), '1', TO_TIMESTAMP(' 2016-09-28 23:26:07:658000', 'YYYY-MM-DD HH24:MI:SS:FF6'), '0');
INSERT INTO "DRUG"."DRUG_AREA" VALUES ('a2c4792b824244c88d7506f19eac9be1', '背景', 'dsd', 'dsd', '1', TO_TIMESTAMP(' 2016-09-28 23:16:50:805000', 'YYYY-MM-DD HH24:MI:SS:FF6'), null, TO_TIMESTAMP(' 2016-09-28 23:16:50:805000', 'YYYY-MM-DD HH24:MI:SS:FF6'), '1');
INSERT INTO "DRUG"."DRUG_AREA" VALUES ('6156ceede00f434ea1e606ea9dba2ce1', '天津', 'TIANJING', 'TJ', '1', TO_TIMESTAMP(' 2016-09-29 11:19:40:335000', 'YYYY-MM-DD HH24:MI:SS:FF6'), null, TO_TIMESTAMP(' 2016-09-29 11:19:40:335000', 'YYYY-MM-DD HH24:MI:SS:FF6'), '1');

-- ----------------------------
-- Table structure for DRUG_DATA_CLIENT
-- ----------------------------
DROP TABLE "DRUG"."DRUG_DATA_CLIENT";
CREATE TABLE "DRUG"."DRUG_DATA_CLIENT" (
"ID" VARCHAR2(32 BYTE) NOT NULL ,
"CLIENT_NAME" VARCHAR2(64 BYTE) NULL ,
"PASSWORD" VARCHAR2(100 BYTE) NULL ,
"ORGANIZATION" VARCHAR2(32 BYTE) NULL ,
"AREA" VARCHAR2(32 BYTE) NULL ,
"CREATE_ID" VARCHAR2(32 BYTE) NULL ,
"CREATE_TIME" TIMESTAMP(6)  NULL ,
"UPDATE_ID" VARCHAR2(32 BYTE) NULL ,
"UPDATE_TIME" TIMESTAMP(6)  NULL ,
"DEL_FLAG" CHAR(1 BYTE) DEFAULT 0  NULL 
)
LOGGING
NOCOMPRESS
NOCACHE

;

-- ----------------------------
-- Records of DRUG_DATA_CLIENT
-- ----------------------------
INSERT INTO "DRUG"."DRUG_DATA_CLIENT" VALUES ('1', 'dataclient1', '123456', '1', '1', '1', TO_TIMESTAMP(' 2016-09-28 14:05:05:382000', 'YYYY-MM-DD HH24:MI:SS:FF6'), '1', TO_TIMESTAMP(' 2016-09-28 21:54:11:783000', 'YYYY-MM-DD HH24:MI:SS:FF6'), '0');
INSERT INTO "DRUG"."DRUG_DATA_CLIENT" VALUES ('2', 'dataclient33', '654321', '2', '2', '1', TO_TIMESTAMP(' 2016-09-28 14:05:44:614000', 'YYYY-MM-DD HH24:MI:SS:FF6'), '1', TO_TIMESTAMP(' 2016-09-28 22:30:06:903000', 'YYYY-MM-DD HH24:MI:SS:FF6'), '0');
INSERT INTO "DRUG"."DRUG_DATA_CLIENT" VALUES ('3', 'dataclient2', '1986413', '1', '2', '1', TO_TIMESTAMP(' 2016-09-28 14:06:26:200000', 'YYYY-MM-DD HH24:MI:SS:FF6'), '1', TO_TIMESTAMP(' 2016-09-28 22:29:42:251000', 'YYYY-MM-DD HH24:MI:SS:FF6'), '0');
INSERT INTO "DRUG"."DRUG_DATA_CLIENT" VALUES ('1d09f412ab1b4105bea5bb8720a4eb63', 'xxxxxxxx', 'xxxxxxx', '1', '1', '1', TO_TIMESTAMP(' 2016-09-29 11:12:26:514000', 'YYYY-MM-DD HH24:MI:SS:FF6'), null, TO_TIMESTAMP(' 2016-09-29 11:12:26:514000', 'YYYY-MM-DD HH24:MI:SS:FF6'), '1');
INSERT INTO "DRUG"."DRUG_DATA_CLIENT" VALUES ('621b9135edcd44e1ae588dab0ec69594', 'dataclient22', 'sdfdsfsdfsdf', '2', '2', '1', TO_TIMESTAMP(' 2016-09-28 16:56:10:938000', 'YYYY-MM-DD HH24:MI:SS:FF6'), '1', TO_TIMESTAMP(' 2016-09-28 22:46:16:114000', 'YYYY-MM-DD HH24:MI:SS:FF6'), '0');

-- ----------------------------
-- Table structure for DRUG_MENU
-- ----------------------------
DROP TABLE "DRUG"."DRUG_MENU";
CREATE TABLE "DRUG"."DRUG_MENU" (
"ID" VARCHAR2(32 BYTE) NOT NULL ,
"MENU_NAME" VARCHAR2(32 BYTE) NULL ,
"PERMISSION" VARCHAR2(32 BYTE) NULL ,
"PID" VARCHAR2(32 BYTE) NULL ,
"PIDS" VARCHAR2(1000 BYTE) NULL ,
"URL" VARCHAR2(64 BYTE) NULL ,
"SORT" NUMBER(20) NULL ,
"TYPE" VARCHAR2(2 BYTE) NULL ,
"ICON" VARCHAR2(32 BYTE) NULL ,
"CREATE_ID" VARCHAR2(32 BYTE) NULL ,
"CREATE_TIME" TIMESTAMP(6)  NULL ,
"UPDATE_ID" VARCHAR2(32 BYTE) NULL ,
"UPDATE_TIME" TIMESTAMP(6)  NULL ,
"DEL_FLAG" CHAR(1 BYTE) DEFAULT 0  NULL ,
"IS_SHOW" CHAR(1 BYTE) DEFAULT 1  NULL ,
"IS_DEFAULT" CHAR(1 BYTE) DEFAULT 0  NULL ,
"LEAF" CHAR(1 BYTE) DEFAULT 1  NULL ,
"ENAME" VARCHAR2(32 BYTE) NULL 
)
LOGGING
NOCOMPRESS
NOCACHE

;

-- ----------------------------
-- Records of DRUG_MENU
-- ----------------------------
INSERT INTO "DRUG"."DRUG_MENU" VALUES ('5', '创建用户', 'system:user:create', '4', '4', '/system/user/create', '20', '02', 'fa fa-user', '1', TO_TIMESTAMP(' 2016-09-19 21:43:24:915000', 'YYYY-MM-DD HH24:MI:SS:FF6'), '1', TO_TIMESTAMP(' 2016-09-19 21:43:29:930000', 'YYYY-MM-DD HH24:MI:SS:FF6'), '0', '1', '1', '1', 'menu_createUser');
INSERT INTO "DRUG"."DRUG_MENU" VALUES ('11', '数据客户管理', 'data:permission:client', '3', '1,3', '/dataPermission/clientManage', '30', '01', 'fa fa-user', '1', TO_TIMESTAMP(' 2016-09-27 23:15:02:682000', 'YYYY-MM-DD HH24:MI:SS:FF6'), '1', TO_TIMESTAMP(' 2016-09-27 23:15:06:148000', 'YYYY-MM-DD HH24:MI:SS:FF6'), '0', '1', '1', '1', 'menu_dataPermission_client');
INSERT INTO "DRUG"."DRUG_MENU" VALUES ('12', '数据区域管理', 'data:permission:area', '3', '1,3', '/dataPermission/areaManage', '40', '01', 'fa fa-map-marker', '1', TO_TIMESTAMP(' 2016-09-27 23:17:47:562000', 'YYYY-MM-DD HH24:MI:SS:FF6'), '1', TO_TIMESTAMP(' 2016-09-01 23:17:50:909000', 'YYYY-MM-DD HH24:MI:SS:FF6'), '0', '1', '1', '1', 'menu_dataPermission_area');
INSERT INTO "DRUG"."DRUG_MENU" VALUES ('13', '数据机构管理', 'data:permission:organization', '3', '1,3', '/dataPermission/organizationManage', '50', '01', 'fa fa-bank', '1', TO_TIMESTAMP(' 2016-09-27 23:20:38:859000', 'YYYY-MM-DD HH24:MI:SS:FF6'), '1', TO_TIMESTAMP(' 2016-09-27 23:20:41:794000', 'YYYY-MM-DD HH24:MI:SS:FF6'), '0', '1', '1', '1', 'menu_dataPermission_organization');
INSERT INTO "DRUG"."DRUG_MENU" VALUES ('14', '系统设置', 'system:config', null, null, '/system', '10', '01', 'fa fa-gear', '1', TO_TIMESTAMP(' 2016-09-29 13:40:59:865000', 'YYYY-MM-DD HH24:MI:SS:FF6'), '1', TO_TIMESTAMP(' 2016-09-29 13:41:02:021000', 'YYYY-MM-DD HH24:MI:SS:FF6'), '0', '1', '1', '1', 'menu_systemConfig');
INSERT INTO "DRUG"."DRUG_MENU" VALUES ('6', '用户管理', 'system:user:edit', '4', '4', '/system/user', '30', '02', 'fa fa-users', '1', TO_TIMESTAMP(' 2016-09-20 14:39:31:419000', 'YYYY-MM-DD HH24:MI:SS:FF6'), '1', TO_TIMESTAMP(' 2016-09-20 14:39:36:443000', 'YYYY-MM-DD HH24:MI:SS:FF6'), '0', '1', '0', '1', 'menu_userManage');
INSERT INTO "DRUG"."DRUG_MENU" VALUES ('1', '权限管理', 'system:permission', null, null, '/permission', '20', '01', null, '1', TO_TIMESTAMP(' 2016-09-17 01:01:09:691000', 'YYYY-MM-DD HH24:MI:SS:FF6'), '1', TO_TIMESTAMP(' 2016-09-17 01:01:12:457000', 'YYYY-MM-DD HH24:MI:SS:FF6'), '0', '1', '1', '0', 'menu_permissionMange');
INSERT INTO "DRUG"."DRUG_MENU" VALUES ('2', '角色权限', 'system:permission:role', '1', '1', '/permission/role', '30', '01', 'fa fa-lock', '1', TO_TIMESTAMP(' 2016-09-17 01:02:49:163000', 'YYYY-MM-DD HH24:MI:SS:FF6'), '1', TO_TIMESTAMP(' 2016-09-17 01:02:51:580000', 'YYYY-MM-DD HH24:MI:SS:FF6'), '0', '1', '1', '1', 'menu_rolePermission');
INSERT INTO "DRUG"."DRUG_MENU" VALUES ('3', '数据权限', 'data:permssion', '1', '1', null, '40', '01', null, '1', TO_TIMESTAMP(' 2016-09-17 01:05:00:444000', 'YYYY-MM-DD HH24:MI:SS:FF6'), '1', TO_TIMESTAMP(' 2016-09-17 01:05:03:375000', 'YYYY-MM-DD HH24:MI:SS:FF6'), '0', '1', '1', '0', 'menu_dataPermission');
INSERT INTO "DRUG"."DRUG_MENU" VALUES ('4', '用户', 'system:user', null, null, null, '30', '02', null, '1', TO_TIMESTAMP(' 2016-09-17 01:07:54:471000', 'YYYY-MM-DD HH24:MI:SS:FF6'), '1', TO_TIMESTAMP(' 2016-09-17 01:07:58:169000', 'YYYY-MM-DD HH24:MI:SS:FF6'), '0', '1', '1', '0', 'menu_user');
INSERT INTO "DRUG"."DRUG_MENU" VALUES ('7', '数据统计', 'business', null, null, null, '40', '03', null, '1', TO_TIMESTAMP(' 2016-09-23 01:03:42:464000', 'YYYY-MM-DD HH24:MI:SS:FF6'), '1', TO_TIMESTAMP(' 2016-09-23 01:03:46:783000', 'YYYY-MM-DD HH24:MI:SS:FF6'), '0', '1', '1', '0', 'menu_business');
INSERT INTO "DRUG"."DRUG_MENU" VALUES ('8', '医院进销存', 'business:erp', '7', '7', null, '30', '03', null, '1', TO_TIMESTAMP(' 2016-09-23 01:07:44:550000', 'YYYY-MM-DD HH24:MI:SS:FF6'), '1', TO_TIMESTAMP(' 2016-09-23 01:07:48:903000', 'YYYY-MM-DD HH24:MI:SS:FF6'), '0', '1', '1', '0', 'menu_erpBuiness');
INSERT INTO "DRUG"."DRUG_MENU" VALUES ('9', '入库信息统计', 'business:erp:instore', '8', '7,8', '/erp/instore', '30', '03', 'fa fa-bar-chart', '1', TO_TIMESTAMP(' 2016-09-23 01:10:35:519000', 'YYYY-MM-DD HH24:MI:SS:FF6'), '1', TO_TIMESTAMP(' 2016-09-23 01:10:40:909000', 'YYYY-MM-DD HH24:MI:SS:FF6'), '0', '1', '1', '1', 'menu_erpInstore');
INSERT INTO "DRUG"."DRUG_MENU" VALUES ('10', '出库信息统计', 'business:erp:outstore', '8', '7,8', '/erp/outstore', '40', '03', 'fa fa-bar-chart', '1', TO_TIMESTAMP(' 2016-09-23 01:12:06:077000', 'YYYY-MM-DD HH24:MI:SS:FF6'), '1', TO_TIMESTAMP(' 2016-09-23 01:12:09:815000', 'YYYY-MM-DD HH24:MI:SS:FF6'), '0', '1', '1', '1', 'menu_erpOutstore');

-- ----------------------------
-- Table structure for DRUG_ORGANIZATION
-- ----------------------------
DROP TABLE "DRUG"."DRUG_ORGANIZATION";
CREATE TABLE "DRUG"."DRUG_ORGANIZATION" (
"ID" VARCHAR2(32 BYTE) NOT NULL ,
"ORGAN_NAME" VARCHAR2(64 BYTE) NULL ,
"ORGAN_ENAME" VARCHAR2(64 BYTE) NULL ,
"CREATE_ID" VARCHAR2(32 BYTE) NULL ,
"CREATE_TIME" TIMESTAMP(6)  NULL ,
"UPDATE_ID" VARCHAR2(32 BYTE) NULL ,
"UPDATE_TIME" TIMESTAMP(6)  NULL ,
"DEL_FLAG" CHAR(1 BYTE) DEFAULT 0  NULL ,
"ORGAN_CODE" VARCHAR2(64 BYTE) NULL 
)
LOGGING
NOCOMPRESS
NOCACHE

;

-- ----------------------------
-- Records of DRUG_ORGANIZATION
-- ----------------------------
INSERT INTO "DRUG"."DRUG_ORGANIZATION" VALUES ('88c5ce106c1e4e1ca30ea3c682b0a31b', '儿童医院', 'ETYY', '1', TO_TIMESTAMP(' 2016-09-28 23:17:17:636000', 'YYYY-MM-DD HH24:MI:SS:FF6'), null, TO_TIMESTAMP(' 2016-09-28 23:17:17:636000', 'YYYY-MM-DD HH24:MI:SS:FF6'), '1', '0004');
INSERT INTO "DRUG"."DRUG_ORGANIZATION" VALUES ('1', '南化医院', 'NHYY', '1', TO_TIMESTAMP(' 2016-09-28 14:07:03:310000', 'YYYY-MM-DD HH24:MI:SS:FF6'), '1', TO_TIMESTAMP(' 2016-09-28 14:07:06:010000', 'YYYY-MM-DD HH24:MI:SS:FF6'), '0', '0001');
INSERT INTO "DRUG"."DRUG_ORGANIZATION" VALUES ('2', '扬子医院', 'YZYY', '1', TO_TIMESTAMP(' 2016-09-28 14:07:59:037000', 'YYYY-MM-DD HH24:MI:SS:FF6'), '1', TO_TIMESTAMP(' 2016-09-28 14:08:05:227000', 'YYYY-MM-DD HH24:MI:SS:FF6'), '0', '0002');
INSERT INTO "DRUG"."DRUG_ORGANIZATION" VALUES ('3', '先联医院分院', 'XLYYFY', '1', TO_TIMESTAMP(' 2016-09-28 14:08:49:648000', 'YYYY-MM-DD HH24:MI:SS:FF6'), '1', TO_TIMESTAMP(' 2016-09-28 23:26:18:785000', 'YYYY-MM-DD HH24:MI:SS:FF6'), '0', '0003');

-- ----------------------------
-- Table structure for DRUG_ROLE
-- ----------------------------
DROP TABLE "DRUG"."DRUG_ROLE";
CREATE TABLE "DRUG"."DRUG_ROLE" (
"ID" VARCHAR2(32 BYTE) NOT NULL ,
"NAME" VARCHAR2(32 BYTE) NULL ,
"ENAME" VARCHAR2(32 BYTE) NULL ,
"PID" VARCHAR2(32 BYTE) NULL ,
"TYPE" VARCHAR2(2 BYTE) NULL ,
"ICON" VARCHAR2(32 BYTE) NULL ,
"CREATE_ID" VARCHAR2(32 BYTE) NULL ,
"CREATE_TIME" TIMESTAMP(6)  NULL ,
"UPDATE_ID" VARCHAR2(32 BYTE) NULL ,
"UPDATE_TIME" TIMESTAMP(6)  NULL ,
"DEL_FLAG" CHAR(1 BYTE) DEFAULT 0  NULL 
)
LOGGING
NOCOMPRESS
NOCACHE

;

-- ----------------------------
-- Records of DRUG_ROLE
-- ----------------------------
INSERT INTO "DRUG"."DRUG_ROLE" VALUES ('1', '管理员', 'admin', null, '01', 'fa fa-eye', '1', TO_TIMESTAMP(' 2016-09-17 00:55:37:727000', 'YYYY-MM-DD HH24:MI:SS:FF6'), '1', TO_TIMESTAMP(' 2016-09-29 13:42:27:102000', 'YYYY-MM-DD HH24:MI:SS:FF6'), '0');
INSERT INTO "DRUG"."DRUG_ROLE" VALUES ('2', '数据管理员', 'dataAdmin', '1', '01', 'fa fa-database', '1', TO_TIMESTAMP(' 2016-09-17 00:53:47:660000', 'YYYY-MM-DD HH24:MI:SS:FF6'), '1', TO_TIMESTAMP(' 2016-09-17 00:56:39:657000', 'YYYY-MM-DD HH24:MI:SS:FF6'), '0');
INSERT INTO "DRUG"."DRUG_ROLE" VALUES ('8daac29eb89a4978918ce94609a94f01', '测试角色1', 'test1', null, null, null, '1', TO_TIMESTAMP(' 2016-09-27 16:09:31:777000', 'YYYY-MM-DD HH24:MI:SS:FF6'), '1', TO_TIMESTAMP(' 2016-09-27 16:41:36:051000', 'YYYY-MM-DD HH24:MI:SS:FF6'), '1');
INSERT INTO "DRUG"."DRUG_ROLE" VALUES ('57aa27721edc4d46bcac1690b8169af8', '测试角色1', 'test1', null, null, null, '1', TO_TIMESTAMP(' 2016-09-27 17:25:35:665000', 'YYYY-MM-DD HH24:MI:SS:FF6'), '1', TO_TIMESTAMP(' 2016-09-27 17:36:30:494000', 'YYYY-MM-DD HH24:MI:SS:FF6'), '0');
INSERT INTO "DRUG"."DRUG_ROLE" VALUES ('3', '用户', 'user', null, '02', 'fa fa-user', '1', TO_TIMESTAMP(' 2016-09-19 22:30:01:733000', 'YYYY-MM-DD HH24:MI:SS:FF6'), '1', TO_TIMESTAMP(' 2016-09-27 17:19:04:881000', 'YYYY-MM-DD HH24:MI:SS:FF6'), '0');

-- ----------------------------
-- Table structure for DRUG_ROLE_MENU
-- ----------------------------
DROP TABLE "DRUG"."DRUG_ROLE_MENU";
CREATE TABLE "DRUG"."DRUG_ROLE_MENU" (
"ID" VARCHAR2(32 BYTE) NOT NULL ,
"ROLE_ID" VARCHAR2(32 BYTE) NULL ,
"MENU_ID" VARCHAR2(32 BYTE) NULL ,
"CREATE_ID" VARCHAR2(32 BYTE) NULL ,
"CREATE_TIME" TIMESTAMP(6)  NULL ,
"UPDATE_ID" VARCHAR2(32 BYTE) NULL ,
"UPDATE_TIME" TIMESTAMP(6)  NULL ,
"DEL_FLAG" CHAR(1 BYTE) DEFAULT 0  NULL 
)
LOGGING
NOCOMPRESS
NOCACHE

;

-- ----------------------------
-- Records of DRUG_ROLE_MENU
-- ----------------------------
INSERT INTO "DRUG"."DRUG_ROLE_MENU" VALUES ('4', '2', '3', '1', TO_TIMESTAMP(' 2016-09-17 00:59:25:691000', 'YYYY-MM-DD HH24:MI:SS:FF6'), '1', TO_TIMESTAMP(' 2016-09-17 00:59:28:134000', 'YYYY-MM-DD HH24:MI:SS:FF6'), '0');
INSERT INTO "DRUG"."DRUG_ROLE_MENU" VALUES ('5', '2', '4', '1', TO_TIMESTAMP(' 2016-09-17 00:59:51:882000', 'YYYY-MM-DD HH24:MI:SS:FF6'), '1', TO_TIMESTAMP(' 2016-09-17 00:59:54:801000', 'YYYY-MM-DD HH24:MI:SS:FF6'), '0');
INSERT INTO "DRUG"."DRUG_ROLE_MENU" VALUES ('e6c9e608b2674588a0ad2f5285ee4910', '1', '1', '1', TO_TIMESTAMP(' 2016-09-29 13:42:27:143000', 'YYYY-MM-DD HH24:MI:SS:FF6'), null, TO_TIMESTAMP(' 2016-09-29 13:42:27:143000', 'YYYY-MM-DD HH24:MI:SS:FF6'), '0');
INSERT INTO "DRUG"."DRUG_ROLE_MENU" VALUES ('873880dbfb154a11bce0c5f4f84d3a4d', '8daac29eb89a4978918ce94609a94f01', '1', '1', TO_TIMESTAMP(' 2016-09-27 16:41:36:060000', 'YYYY-MM-DD HH24:MI:SS:FF6'), null, TO_TIMESTAMP(' 2016-09-27 16:41:36:060000', 'YYYY-MM-DD HH24:MI:SS:FF6'), '0');
INSERT INTO "DRUG"."DRUG_ROLE_MENU" VALUES ('a0e84021fcc74b64a4cffea2068329ea', '8daac29eb89a4978918ce94609a94f01', '2', '1', TO_TIMESTAMP(' 2016-09-27 16:41:36:067000', 'YYYY-MM-DD HH24:MI:SS:FF6'), null, TO_TIMESTAMP(' 2016-09-27 16:41:36:067000', 'YYYY-MM-DD HH24:MI:SS:FF6'), '0');
INSERT INTO "DRUG"."DRUG_ROLE_MENU" VALUES ('95e2b6f619d742e081424918403b41d1', '8daac29eb89a4978918ce94609a94f01', '4', '1', TO_TIMESTAMP(' 2016-09-27 16:41:36:071000', 'YYYY-MM-DD HH24:MI:SS:FF6'), null, TO_TIMESTAMP(' 2016-09-27 16:41:36:071000', 'YYYY-MM-DD HH24:MI:SS:FF6'), '0');
INSERT INTO "DRUG"."DRUG_ROLE_MENU" VALUES ('7db0035bba4b4edd9c485d8a10288823', '8daac29eb89a4978918ce94609a94f01', '5', '1', TO_TIMESTAMP(' 2016-09-27 16:41:36:074000', 'YYYY-MM-DD HH24:MI:SS:FF6'), null, TO_TIMESTAMP(' 2016-09-27 16:41:36:074000', 'YYYY-MM-DD HH24:MI:SS:FF6'), '0');
INSERT INTO "DRUG"."DRUG_ROLE_MENU" VALUES ('a4b633455bb34ac1a9ed4d099a755c31', '8daac29eb89a4978918ce94609a94f01', '6', '1', TO_TIMESTAMP(' 2016-09-27 16:41:36:081000', 'YYYY-MM-DD HH24:MI:SS:FF6'), null, TO_TIMESTAMP(' 2016-09-27 16:41:36:081000', 'YYYY-MM-DD HH24:MI:SS:FF6'), '0');
INSERT INTO "DRUG"."DRUG_ROLE_MENU" VALUES ('0d4fe1f4453445d1b42f234038f891d1', '8daac29eb89a4978918ce94609a94f01', '7', '1', TO_TIMESTAMP(' 2016-09-27 16:41:36:085000', 'YYYY-MM-DD HH24:MI:SS:FF6'), null, TO_TIMESTAMP(' 2016-09-27 16:41:36:085000', 'YYYY-MM-DD HH24:MI:SS:FF6'), '0');
INSERT INTO "DRUG"."DRUG_ROLE_MENU" VALUES ('4415b64d69d3407c8ebde8d18dde9e5c', '1', '2', '1', TO_TIMESTAMP(' 2016-09-29 13:42:27:146000', 'YYYY-MM-DD HH24:MI:SS:FF6'), null, TO_TIMESTAMP(' 2016-09-29 13:42:27:146000', 'YYYY-MM-DD HH24:MI:SS:FF6'), '0');
INSERT INTO "DRUG"."DRUG_ROLE_MENU" VALUES ('7590cdf5587943b09f48b75a4de906b8', '1', '3', '1', TO_TIMESTAMP(' 2016-09-29 13:42:27:149000', 'YYYY-MM-DD HH24:MI:SS:FF6'), null, TO_TIMESTAMP(' 2016-09-29 13:42:27:149000', 'YYYY-MM-DD HH24:MI:SS:FF6'), '0');
INSERT INTO "DRUG"."DRUG_ROLE_MENU" VALUES ('cdaf877019bd4aaaa3f4acde60390735', '1', '11', '1', TO_TIMESTAMP(' 2016-09-29 13:42:27:153000', 'YYYY-MM-DD HH24:MI:SS:FF6'), null, TO_TIMESTAMP(' 2016-09-29 13:42:27:153000', 'YYYY-MM-DD HH24:MI:SS:FF6'), '0');
INSERT INTO "DRUG"."DRUG_ROLE_MENU" VALUES ('fc383f6c642f4181813392bd522098f2', '1', '12', '1', TO_TIMESTAMP(' 2016-09-29 13:42:27:156000', 'YYYY-MM-DD HH24:MI:SS:FF6'), null, TO_TIMESTAMP(' 2016-09-29 13:42:27:156000', 'YYYY-MM-DD HH24:MI:SS:FF6'), '0');
INSERT INTO "DRUG"."DRUG_ROLE_MENU" VALUES ('4f7e18d6724441c49aa2f8e37720e19c', '1', '13', '1', TO_TIMESTAMP(' 2016-09-29 13:42:27:158000', 'YYYY-MM-DD HH24:MI:SS:FF6'), null, TO_TIMESTAMP(' 2016-09-29 13:42:27:158000', 'YYYY-MM-DD HH24:MI:SS:FF6'), '0');
INSERT INTO "DRUG"."DRUG_ROLE_MENU" VALUES ('35a45d5b5b04424c9896f44a9007af2a', '1', '4', '1', TO_TIMESTAMP(' 2016-09-29 13:42:27:161000', 'YYYY-MM-DD HH24:MI:SS:FF6'), null, TO_TIMESTAMP(' 2016-09-29 13:42:27:161000', 'YYYY-MM-DD HH24:MI:SS:FF6'), '0');
INSERT INTO "DRUG"."DRUG_ROLE_MENU" VALUES ('efeac8a509224e02ba140b51677396bb', '1', '5', '1', TO_TIMESTAMP(' 2016-09-29 13:42:27:164000', 'YYYY-MM-DD HH24:MI:SS:FF6'), null, TO_TIMESTAMP(' 2016-09-29 13:42:27:164000', 'YYYY-MM-DD HH24:MI:SS:FF6'), '0');
INSERT INTO "DRUG"."DRUG_ROLE_MENU" VALUES ('6a8fe9d54864485e9622e0d166adacb6', '1', '6', '1', TO_TIMESTAMP(' 2016-09-29 13:42:27:166000', 'YYYY-MM-DD HH24:MI:SS:FF6'), null, TO_TIMESTAMP(' 2016-09-29 13:42:27:166000', 'YYYY-MM-DD HH24:MI:SS:FF6'), '0');
INSERT INTO "DRUG"."DRUG_ROLE_MENU" VALUES ('d7e608a2ecae4731a0115d3c673fcbde', '8daac29eb89a4978918ce94609a94f01', '8', '1', TO_TIMESTAMP(' 2016-09-27 16:41:36:088000', 'YYYY-MM-DD HH24:MI:SS:FF6'), null, TO_TIMESTAMP(' 2016-09-27 16:41:36:088000', 'YYYY-MM-DD HH24:MI:SS:FF6'), '0');
INSERT INTO "DRUG"."DRUG_ROLE_MENU" VALUES ('4fdbb7b1a6874b379376e71fed85c512', '8daac29eb89a4978918ce94609a94f01', '9', '1', TO_TIMESTAMP(' 2016-09-27 16:41:36:090000', 'YYYY-MM-DD HH24:MI:SS:FF6'), null, TO_TIMESTAMP(' 2016-09-27 16:41:36:090000', 'YYYY-MM-DD HH24:MI:SS:FF6'), '0');
INSERT INTO "DRUG"."DRUG_ROLE_MENU" VALUES ('966c82af6d42404da73880ad19664755', '1', '7', '1', TO_TIMESTAMP(' 2016-09-29 13:42:27:168000', 'YYYY-MM-DD HH24:MI:SS:FF6'), null, TO_TIMESTAMP(' 2016-09-29 13:42:27:168000', 'YYYY-MM-DD HH24:MI:SS:FF6'), '0');
INSERT INTO "DRUG"."DRUG_ROLE_MENU" VALUES ('f753013644ba4a27a5450529e2932c7c', '1', '8', '1', TO_TIMESTAMP(' 2016-09-29 13:42:27:171000', 'YYYY-MM-DD HH24:MI:SS:FF6'), null, TO_TIMESTAMP(' 2016-09-29 13:42:27:171000', 'YYYY-MM-DD HH24:MI:SS:FF6'), '0');
INSERT INTO "DRUG"."DRUG_ROLE_MENU" VALUES ('b65e78e6c6d5467ab51c83d0ac158b81', '1', '9', '1', TO_TIMESTAMP(' 2016-09-29 13:42:27:173000', 'YYYY-MM-DD HH24:MI:SS:FF6'), null, TO_TIMESTAMP(' 2016-09-29 13:42:27:173000', 'YYYY-MM-DD HH24:MI:SS:FF6'), '0');
INSERT INTO "DRUG"."DRUG_ROLE_MENU" VALUES ('f98ee323c2ca4e2fb80719cc4696585a', '57aa27721edc4d46bcac1690b8169af8', '7', '1', TO_TIMESTAMP(' 2016-09-27 17:36:30:497000', 'YYYY-MM-DD HH24:MI:SS:FF6'), null, TO_TIMESTAMP(' 2016-09-27 17:36:30:497000', 'YYYY-MM-DD HH24:MI:SS:FF6'), '0');
INSERT INTO "DRUG"."DRUG_ROLE_MENU" VALUES ('e0cdff168d134650a53787005662aa48', '57aa27721edc4d46bcac1690b8169af8', '8', '1', TO_TIMESTAMP(' 2016-09-27 17:36:30:499000', 'YYYY-MM-DD HH24:MI:SS:FF6'), null, TO_TIMESTAMP(' 2016-09-27 17:36:30:499000', 'YYYY-MM-DD HH24:MI:SS:FF6'), '0');
INSERT INTO "DRUG"."DRUG_ROLE_MENU" VALUES ('bc1d5442924e4d14895b86ec97a29040', '57aa27721edc4d46bcac1690b8169af8', '9', '1', TO_TIMESTAMP(' 2016-09-27 17:36:30:501000', 'YYYY-MM-DD HH24:MI:SS:FF6'), null, TO_TIMESTAMP(' 2016-09-27 17:36:30:501000', 'YYYY-MM-DD HH24:MI:SS:FF6'), '0');
INSERT INTO "DRUG"."DRUG_ROLE_MENU" VALUES ('352a108d82a34faf97bde92a8d228376', '57aa27721edc4d46bcac1690b8169af8', '10', '1', TO_TIMESTAMP(' 2016-09-27 17:36:30:504000', 'YYYY-MM-DD HH24:MI:SS:FF6'), null, TO_TIMESTAMP(' 2016-09-27 17:36:30:504000', 'YYYY-MM-DD HH24:MI:SS:FF6'), '0');
INSERT INTO "DRUG"."DRUG_ROLE_MENU" VALUES ('dac3b9417e724b76b8149a891de2db5b', '1', '14', '1', TO_TIMESTAMP(' 2016-09-29 13:42:27:135000', 'YYYY-MM-DD HH24:MI:SS:FF6'), null, TO_TIMESTAMP(' 2016-09-29 13:42:27:135000', 'YYYY-MM-DD HH24:MI:SS:FF6'), '0');
INSERT INTO "DRUG"."DRUG_ROLE_MENU" VALUES ('e12371e5e06144a9b4c58fd632b5c709', '1', '10', '1', TO_TIMESTAMP(' 2016-09-29 13:42:27:176000', 'YYYY-MM-DD HH24:MI:SS:FF6'), null, TO_TIMESTAMP(' 2016-09-29 13:42:27:176000', 'YYYY-MM-DD HH24:MI:SS:FF6'), '0');
INSERT INTO "DRUG"."DRUG_ROLE_MENU" VALUES ('31d4c3edf41043258dea2e40bbed4cf8', '3', '7', '1', TO_TIMESTAMP(' 2016-09-27 17:19:04:888000', 'YYYY-MM-DD HH24:MI:SS:FF6'), null, TO_TIMESTAMP(' 2016-09-27 17:19:04:888000', 'YYYY-MM-DD HH24:MI:SS:FF6'), '0');
INSERT INTO "DRUG"."DRUG_ROLE_MENU" VALUES ('bfc69be514a74a6490e65ba5ec5558a1', '3', '8', '1', TO_TIMESTAMP(' 2016-09-27 17:19:04:890000', 'YYYY-MM-DD HH24:MI:SS:FF6'), null, TO_TIMESTAMP(' 2016-09-27 17:19:04:890000', 'YYYY-MM-DD HH24:MI:SS:FF6'), '0');
INSERT INTO "DRUG"."DRUG_ROLE_MENU" VALUES ('6e979316b3864537b0f280fb708d077c', '3', '9', '1', TO_TIMESTAMP(' 2016-09-27 17:19:04:892000', 'YYYY-MM-DD HH24:MI:SS:FF6'), null, TO_TIMESTAMP(' 2016-09-27 17:19:04:892000', 'YYYY-MM-DD HH24:MI:SS:FF6'), '0');
INSERT INTO "DRUG"."DRUG_ROLE_MENU" VALUES ('9d835e23cead49a4a57df76c4e85ebf1', '3', '10', '1', TO_TIMESTAMP(' 2016-09-27 17:19:04:896000', 'YYYY-MM-DD HH24:MI:SS:FF6'), null, TO_TIMESTAMP(' 2016-09-27 17:19:04:896000', 'YYYY-MM-DD HH24:MI:SS:FF6'), '0');

-- ----------------------------
-- Table structure for DRUG_USER_ROLE
-- ----------------------------
DROP TABLE "DRUG"."DRUG_USER_ROLE";
CREATE TABLE "DRUG"."DRUG_USER_ROLE" (
"ID" VARCHAR2(32 BYTE) NOT NULL ,
"USER_ID" VARCHAR2(32 BYTE) NULL ,
"ROLE_ID" VARCHAR2(32 BYTE) NULL ,
"CREATE_ID" VARCHAR2(32 BYTE) NULL ,
"CREATE_TIME" TIMESTAMP(6)  NULL ,
"UPDATE_ID" VARCHAR2(32 BYTE) NULL ,
"UPDATE_TIME" TIMESTAMP(6)  NULL ,
"DEL_FLAG" CHAR(1 BYTE) DEFAULT 0  NULL 
)
LOGGING
NOCOMPRESS
NOCACHE

;

-- ----------------------------
-- Records of DRUG_USER_ROLE
-- ----------------------------
INSERT INTO "DRUG"."DRUG_USER_ROLE" VALUES ('51f185800ecb40bd91b94734ac18585d', 'dc8c311f451943eea76ab64a9083a109', '1', '1', TO_TIMESTAMP(' 2016-09-29 11:31:19:466000', 'YYYY-MM-DD HH24:MI:SS:FF6'), null, TO_TIMESTAMP(' 2016-09-29 11:31:19:466000', 'YYYY-MM-DD HH24:MI:SS:FF6'), '0');
INSERT INTO "DRUG"."DRUG_USER_ROLE" VALUES ('72ca480c66f044af8a9525fdd5d83d8a', '607663b78b854a49952b209341e588ff', '2', '1', TO_TIMESTAMP(' 2016-09-23 23:59:45:421000', 'YYYY-MM-DD HH24:MI:SS:FF6'), null, TO_TIMESTAMP(' 2016-09-23 23:59:45:421000', 'YYYY-MM-DD HH24:MI:SS:FF6'), '0');
INSERT INTO "DRUG"."DRUG_USER_ROLE" VALUES ('7a7c613581564a26aa0b9cf8ea61f94b', '607663b78b854a49952b209341e588ff', '3', '1', TO_TIMESTAMP(' 2016-09-23 23:59:45:425000', 'YYYY-MM-DD HH24:MI:SS:FF6'), null, TO_TIMESTAMP(' 2016-09-23 23:59:45:425000', 'YYYY-MM-DD HH24:MI:SS:FF6'), '0');
INSERT INTO "DRUG"."DRUG_USER_ROLE" VALUES ('17b4ac55d02149e8805db2c59548691d', '607663b78b854a49952b209341e588ff', '1', '1', TO_TIMESTAMP(' 2016-09-23 23:59:45:429000', 'YYYY-MM-DD HH24:MI:SS:FF6'), null, TO_TIMESTAMP(' 2016-09-23 23:59:45:429000', 'YYYY-MM-DD HH24:MI:SS:FF6'), '0');
INSERT INTO "DRUG"."DRUG_USER_ROLE" VALUES ('1', '1', '1', '1', TO_TIMESTAMP(' 2016-09-17 00:46:47:759000', 'YYYY-MM-DD HH24:MI:SS:FF6'), '1', TO_TIMESTAMP(' 2016-09-17 00:46:52:127000', 'YYYY-MM-DD HH24:MI:SS:FF6'), '0');
INSERT INTO "DRUG"."DRUG_USER_ROLE" VALUES ('2', '1', '2', '1', TO_TIMESTAMP(' 2016-09-17 00:47:10:408000', 'YYYY-MM-DD HH24:MI:SS:FF6'), '1', TO_TIMESTAMP(' 2016-09-17 00:47:14:061000', 'YYYY-MM-DD HH24:MI:SS:FF6'), '0');
INSERT INTO "DRUG"."DRUG_USER_ROLE" VALUES ('3', '2', '2', '2', TO_TIMESTAMP(' 2016-09-17 00:47:52:077000', 'YYYY-MM-DD HH24:MI:SS:FF6'), '2', TO_TIMESTAMP(' 2016-09-17 00:47:55:213000', 'YYYY-MM-DD HH24:MI:SS:FF6'), '0');
INSERT INTO "DRUG"."DRUG_USER_ROLE" VALUES ('d0d7a3f027564783b44acd23fef0ec57', '086d6297a04d48a98433915d69ed2937', '3', '1', TO_TIMESTAMP(' 2016-09-23 23:18:42:531000', 'YYYY-MM-DD HH24:MI:SS:FF6'), null, TO_TIMESTAMP(' 2016-09-23 23:18:42:531000', 'YYYY-MM-DD HH24:MI:SS:FF6'), '0');
INSERT INTO "DRUG"."DRUG_USER_ROLE" VALUES ('ffb358c036034f09ae584c48f6290a30', '086d6297a04d48a98433915d69ed2937', '1', '1', TO_TIMESTAMP(' 2016-09-23 23:19:18:393000', 'YYYY-MM-DD HH24:MI:SS:FF6'), null, TO_TIMESTAMP(' 2016-09-23 23:19:18:393000', 'YYYY-MM-DD HH24:MI:SS:FF6'), '0');
INSERT INTO "DRUG"."DRUG_USER_ROLE" VALUES ('1e0b7a728f0e48cfb66062dc3ba7374f', '086d6297a04d48a98433915d69ed2937', '2', '1', TO_TIMESTAMP(' 2016-09-23 23:19:25:622000', 'YYYY-MM-DD HH24:MI:SS:FF6'), null, TO_TIMESTAMP(' 2016-09-23 23:19:25:622000', 'YYYY-MM-DD HH24:MI:SS:FF6'), '0');

-- ----------------------------
-- Table structure for DRUG_USERS
-- ----------------------------
DROP TABLE "DRUG"."DRUG_USERS";
CREATE TABLE "DRUG"."DRUG_USERS" (
"ID" VARCHAR2(32 BYTE) NOT NULL ,
"USERNAME" VARCHAR2(64 BYTE) NULL ,
"PASSWORD" VARCHAR2(100 BYTE) NULL ,
"NAME" VARCHAR2(64 BYTE) NULL ,
"SALT" VARCHAR2(100 BYTE) NULL ,
"CREATE_ID" VARCHAR2(32 BYTE) NULL ,
"CREATE_TIME" TIMESTAMP(6)  NULL ,
"UPDATE_ID" VARCHAR2(32 BYTE) NULL ,
"UPDATE_TIME" TIMESTAMP(6)  NULL ,
"DEL_FLAG" CHAR(1 BYTE) DEFAULT 0  NULL ,
"PHONE" VARCHAR2(20 BYTE) NULL ,
"EMAIL" VARCHAR2(64 BYTE) NULL 
)
LOGGING
NOCOMPRESS
NOCACHE

;

-- ----------------------------
-- Records of DRUG_USERS
-- ----------------------------
INSERT INTO "DRUG"."DRUG_USERS" VALUES ('1', '007', '2bd7b3a36376110263c7a5927a0d6f9c', '007', 'bae61daa5c64d67f9021e1ded8dd3791', '1', TO_TIMESTAMP(' 2016-07-26 12:12:12:000000', 'YYYY-MM-DD HH24:MI:SS:FF6'), '1', TO_TIMESTAMP(' 2016-07-26 12:12:12:000000', 'YYYY-MM-DD HH24:MI:SS:FF6'), '0', null, null);
INSERT INTO "DRUG"."DRUG_USERS" VALUES ('2', '008', '2bd7b3a36376110263c7a5927a0d6f9c', '008', 'bae61daa5c64d67f9021e1ded8dd3791', '2', TO_TIMESTAMP(' 2016-07-26 12:12:12:000000', 'YYYY-MM-DD HH24:MI:SS:FF6'), '2', TO_TIMESTAMP(' 2016-07-26 12:12:12:000000', 'YYYY-MM-DD HH24:MI:SS:FF6'), '0', null, null);
INSERT INTO "DRUG"."DRUG_USERS" VALUES ('dc8c311f451943eea76ab64a9083a109', 'bbzhanshi222', 'e78d143f777c6cd43b73e3d876a80ca0', 'zhaoqianli', 'd6d3f51782afd76ca03aa0410e485578', '1', TO_TIMESTAMP(' 2016-09-29 11:31:19:412000', 'YYYY-MM-DD HH24:MI:SS:FF6'), 'dc8c311f451943eea76ab64a9083a109', TO_TIMESTAMP(' 2016-09-29 11:47:16:077000', 'YYYY-MM-DD HH24:MI:SS:FF6'), '0', '123213', '1@1.com');
INSERT INTO "DRUG"."DRUG_USERS" VALUES ('607663b78b854a49952b209341e588ff', 'bbzhanshi999', '81fcc3819c40761d6feeddf49c28abcc', '赵千里', '6fccef5368bd4cc798bdf9ae0de1cd05', '1', TO_TIMESTAMP(' 2016-09-23 23:59:43:332000', 'YYYY-MM-DD HH24:MI:SS:FF6'), null, TO_TIMESTAMP(' 2016-09-23 23:59:43:332000', 'YYYY-MM-DD HH24:MI:SS:FF6'), '0', '15952092250', 'bbzhanshi999@163.com');
INSERT INTO "DRUG"."DRUG_USERS" VALUES ('086d6297a04d48a98433915d69ed2937', 'zhaoqianli', '3ff721d38d5b491761d4bb41a6f48ccb', '赵千里', 'aec88f30c86a0562114e4b3161904c8c', '1', TO_TIMESTAMP(' 2016-09-23 23:18:17:562000', 'YYYY-MM-DD HH24:MI:SS:FF6'), '086d6297a04d48a98433915d69ed2937', TO_TIMESTAMP(' 2016-09-24 14:53:00:901000', 'YYYY-MM-DD HH24:MI:SS:FF6'), '0', null, null);


-- ----------------------------
-- Checks structure for table DRUG_AREA
-- ----------------------------
ALTER TABLE "DRUG"."DRUG_AREA" ADD CHECK ("ID" IS NOT NULL);

-- ----------------------------
-- Primary Key structure for table DRUG_AREA
-- ----------------------------
ALTER TABLE "DRUG"."DRUG_AREA" ADD PRIMARY KEY ("ID");

-- ----------------------------
-- Indexes structure for table DRUG_DATA_CLIENT
-- ----------------------------

-- ----------------------------
-- Primary Key structure for table DRUG_DATA_CLIENT
-- ----------------------------
ALTER TABLE "DRUG"."DRUG_DATA_CLIENT" ADD PRIMARY KEY ("ID");

-- ----------------------------
-- Indexes structure for table DRUG_MENU
-- ----------------------------

-- ----------------------------
-- Checks structure for table DRUG_MENU
-- ----------------------------
ALTER TABLE "DRUG"."DRUG_MENU" ADD CHECK ("ID" IS NOT NULL);

-- ----------------------------
-- Primary Key structure for table DRUG_MENU
-- ----------------------------
ALTER TABLE "DRUG"."DRUG_MENU" ADD PRIMARY KEY ("ID");

-- ----------------------------
-- Indexes structure for table DRUG_ORGANIZATION
-- ----------------------------

-- ----------------------------
-- Checks structure for table DRUG_ORGANIZATION
-- ----------------------------
ALTER TABLE "DRUG"."DRUG_ORGANIZATION" ADD CHECK ("ID" IS NOT NULL);

-- ----------------------------
-- Primary Key structure for table DRUG_ORGANIZATION
-- ----------------------------
ALTER TABLE "DRUG"."DRUG_ORGANIZATION" ADD PRIMARY KEY ("ID");

-- ----------------------------
-- Indexes structure for table DRUG_ROLE
-- ----------------------------

-- ----------------------------
-- Checks structure for table DRUG_ROLE
-- ----------------------------
ALTER TABLE "DRUG"."DRUG_ROLE" ADD CHECK ("ID" IS NOT NULL);

-- ----------------------------
-- Primary Key structure for table DRUG_ROLE
-- ----------------------------
ALTER TABLE "DRUG"."DRUG_ROLE" ADD PRIMARY KEY ("ID");

-- ----------------------------
-- Indexes structure for table DRUG_ROLE_MENU
-- ----------------------------

-- ----------------------------
-- Checks structure for table DRUG_ROLE_MENU
-- ----------------------------
ALTER TABLE "DRUG"."DRUG_ROLE_MENU" ADD CHECK ("ID" IS NOT NULL);

-- ----------------------------
-- Primary Key structure for table DRUG_ROLE_MENU
-- ----------------------------
ALTER TABLE "DRUG"."DRUG_ROLE_MENU" ADD PRIMARY KEY ("ID");

-- ----------------------------
-- Indexes structure for table DRUG_USER_ROLE
-- ----------------------------

-- ----------------------------
-- Checks structure for table DRUG_USER_ROLE
-- ----------------------------
ALTER TABLE "DRUG"."DRUG_USER_ROLE" ADD CHECK ("ID" IS NOT NULL);

-- ----------------------------
-- Primary Key structure for table DRUG_USER_ROLE
-- ----------------------------
ALTER TABLE "DRUG"."DRUG_USER_ROLE" ADD PRIMARY KEY ("ID");

-- ----------------------------
-- Indexes structure for table DRUG_USERS
-- ----------------------------

-- ----------------------------
-- Checks structure for table DRUG_USERS
-- ----------------------------
ALTER TABLE "DRUG"."DRUG_USERS" ADD CHECK ("ID" IS NOT NULL);

-- ----------------------------
-- Primary Key structure for table DRUG_USERS
-- ----------------------------
ALTER TABLE "DRUG"."DRUG_USERS" ADD PRIMARY KEY ("ID");

